<?xml version='1.0' encoding='utf-8'?>
<!--
  ~ Hibernate, Relational Persistence for Idiomatic Java
  ~
  ~ License: GNU Lesser General Public License (LGPL), version 2.1 or later.
  ~ See the lgpl.txt file in the root directory or <http://www.gnu.org/licenses/lgpl-2.1.html>.
  -->
<!DOCTYPE hibernate-configuration PUBLIC
"-//Hibernate/Hibernate Configuration DTD 3.0 0//EN"
"http://hibernate.sourceforge.net/hibernate-configuration-3.0.dtd">
 
<hibernate-configuration>
    <session-factory>
         <!-- Database connection setting -->
        <property name="connection.driver_class">com.mysql.jdbc.Driver </property>
        <property name="connection.url">jdbc:mysql://localhost:3306/hibernatedemo</property>
        <property name="connection.username">root</property>
        <property name="connection.password">1234</property>
        
        
        
        
        <!--  JDBC connection pool(use the built-in) -->
        <property name="connection.pool_size">1</property>
        
        <!-- SQL dialect -->
        <property name="dialect">org.hibernate.dialect.MySQL5Dialect</property>
        
        
      
        <!-- Echo all executed SQL to stdout -->
        <property name="show_sql">true</property>
        
        
        <!-- Drop and re-create the database schema on startup -->
        <property name="hbm2ddl.auto">create</property>
        	<property name="current_session_class">thread</property>
        
        <!-- Names the annotated entity class-->
        <mapping class="com.to.Player"/>
        
        
        
    </session-factory>
 
</hibernate-configuration>
